GULF ULTRASYNTH X SAE 5W-30 - Fully Synthetic Passenger car Engine Oil [3 L] - Pack of 1,B07TJ713XW
Motul 5100 4T Technosynthese 10W-40 API SL/SJ/SH/SG Semi Synthetic Engine Oil for Bikes s (1L),B07GLD83RS
Liqui Moly 15W50 4T Street Synthetic Technology Engine Oil (4 Litre),B00D91Q402
"SAVSOL Scooter 10W-30, 4T API SL JASO MB Engine Oil for Scooters (800 ml)",B083TZ49CY
"STAROL STAR Panther Power XHD Multigrade Engine Oil for Truck, Car, Tractor, JCB lifter, trailers (20W-40, 5 L)",B08CVNMD42
Eneos Bikerz SAE 10W-30 JASO MA2 Fully Synthetic Motor Oil (1L),B07Z1CYFQ3
Gulfstar 20W-40 API SL Hybrid Petrol Engine Oil for Motorbikes (1 L),B01N1IYUXK
"Liqui Moly MOS2 Low Friction Leichtlauf 15W-40 ACEA A3, ACEA B4, API SL Engine Oil (4 L)",B078G7RPYY
Mobil Super 3000 0W-20 API SN Fully Synthetic Engine Oil (3.5L),B07KMKVX27
"HP Lubricants Racer 15W 50 API SL,JASO MA2 High Performance Engine Oil (2.5L) for Royal enfield and 350cc above Modern Motorcycles Bikes",B09NQJ9L94
Husqvarna 4 Stoke Engine Oil 10w40,B099DXKVRP
Active Pro Mobil Oil 4T 20W-40 API SN Jaso MA2 BS 6 Compliant Engine Oil for All Bikes & Scootys 900ML Pack of 1,B09KNT4XVR
